Y2xvY2s=	L3NlcnZpY2VzL2Nsb2NrLnNo	dHJ1ZQ==	dHJ1ZQ==	dXA=	c3RvcHBlZA==	MA==	c3lzdGVtIGNsb2NrIHRpY2tlcg==
d29ya2Vy	L3NlcnZpY2VzL3dvcmtlci5zaA==	ZmFsc2U=	ZmFsc2U=	ZG93bg==	c3RvcHBlZA==	MA==	YmFja2dyb3VuZCB3b3JrZXIgKG9uZS1zaG90KQ==
d2Vi	L3NlcnZpY2VzL3dlYi5zaA==	dHJ1ZQ==	dHJ1ZQ==	dXA=	c3RvcHBlZA==	MA==	YmFzaCBodHRwIHN0YXR1cyBzZXJ2ZXI=
bWV0cmljcw==	L3NlcnZpY2VzL21ldHJpY3Muc2g=	dHJ1ZQ==	dHJ1ZQ==	dXA=	c3RvcHBlZA==	MA==	c3lzdGVtIG1ldHJpY3MgY29sbGVjdG9y
Y3Jvbg==	L3NlcnZpY2VzL2Nyb24uc2g=	dHJ1ZQ==	dHJ1ZQ==	dXA=	c3RvcHBlZA==	MA==	cGVyaW9kaWMgam9iIHNjaGVkdWxlcg==
bmV0ZA==	L3NlcnZpY2VzL25ldGQuc2g=	dHJ1ZQ==	dHJ1ZQ==	dXA=	c3RvcHBlZA==	MA==	bmV0d29yayBzdGF0ZSByZXBvcnRlcg==
c3lzbG9n	L3NlcnZpY2VzL3N5c2xvZy5zaA==	dHJ1ZQ==	dHJ1ZQ==	dXA=	c3RvcHBlZA==	MA==	YnVzeWJveCBzeXNsb2cgY29sbGVjdG9y
aGVhbHRoZA==	L3NlcnZpY2VzL2hlYWx0aGQuc2g=	dHJ1ZQ==	dHJ1ZQ==	dXA=	c3RvcHBlZA==	MA==	c2VydmljZSBoZWFsdGggYXVkaXRvcg==
aW5zdGFsbGVy	L3NlcnZpY2VzL2luc3RhbGxlci5zaA==	ZmFsc2U=	ZmFsc2U=	ZG93bg==	c3RvcHBlZA==	MA==	bWFudWFsIGluc3RhbGxlciBoZWxwZXI=
c3NoZA==	L3NlcnZpY2VzL3NzaGQuc2g=	dHJ1ZQ==	dHJ1ZQ==	dXA=	c3RvcHBlZA==	MA==	ZHJvcGJlYXIgc3NoIHNlcnZlcg==
cGtnZA==	L3NlcnZpY2VzL3BrZ2Quc2g=	dHJ1ZQ==	dHJ1ZQ==	dXA=	c3RvcHBlZA==	MA==	bWluaWJhc2ggcGFja2FnZSBkYWVtb24=
dXBkYXRlZA==	L3NlcnZpY2VzL3VwZGF0ZWQuc2g=	dHJ1ZQ==	dHJ1ZQ==	dXA=	c3RvcHBlZA==	MA==	YXRvbWljIHVwZGF0ZSB3YXRjaGVy
ZGVza3RvcGQ=	L3NlcnZpY2VzL2Rlc2t0b3BkLnNo	ZmFsc2U=	dHJ1ZQ==	ZG93bg==	c3RvcHBlZA==	MA==	bWluaW1hbCB3YXlsYW5kIGRlc2t0b3A=
d2lmaQ==	L3NlcnZpY2VzL3dpZmkuc2g=	ZmFsc2U=	dHJ1ZQ==	ZG93bg==	c3RvcHBlZA==	MA==	d2lmaSBsaW5rICh3cGFfc3VwcGxpY2FudCArIGRoY3Ap
bmV0bWdy	L3NlcnZpY2VzL25ldG1nci5zaA==	dHJ1ZQ==	dHJ1ZQ==	dXA=	c3RvcHBlZA==	MA==	TmV0d29ya01hbmFnZXIgKGRidXMrd2lmaStkaGNwKQ==
ZGJ1cw==	L3NlcnZpY2VzL2RidXMuc2g=	dHJ1ZQ==	dHJ1ZQ==	dXA=	c3RvcHBlZA==	MA==	c3lzdGVtIGRidXMgYnVzIGZvciBkZXNrdG9wIHNlcnZpY2Vz
ZWxvZ2luZA==	L3NlcnZpY2VzL2Vsb2dpbmQuc2g=	dHJ1ZQ==	dHJ1ZQ==	dXA=	c3RvcHBlZA==	MA==	bG9naW5kIHByb3ZpZGVyIGZvciBHTk9NRSBzZXNzaW9ucw==
cG9sa2l0	L3NlcnZpY2VzL3BvbGtpdC5zaA==	dHJ1ZQ==	dHJ1ZQ==	dXA=	c3RvcHBlZA==	MA==	ZGVza3RvcCBwcml2aWxlZ2UgYXV0aG9yaXphdGlvbiBkYWVtb24=
dXBvd2Vy	L3NlcnZpY2VzL3Vwb3dlci5zaA==	dHJ1ZQ==	dHJ1ZQ==	dXA=	c3RvcHBlZA==	MA==	ZGVza3RvcCBwb3dlciBzdGF0ZSBkYWVtb24=
cnRraXQ=	L3NlcnZpY2VzL3J0a2l0LnNo	dHJ1ZQ==	dHJ1ZQ==	dXA=	c3RvcHBlZA==	MA==	cmVhbHRpbWUgc2NoZWR1bGluZyBoZWxwZXIgZm9yIGRlc2t0b3AgYXVkaW8=
YWNjb3VudHM=	L3NlcnZpY2VzL2FjY291bnRzLnNo	dHJ1ZQ==	dHJ1ZQ==	dXA=	c3RvcHBlZA==	MA==	ZGVza3RvcCB1c2VyIGFjY291bnRzIGRhZW1vbg==
Z3JhcGhpY2Fs	L3NlcnZpY2VzL2dyYXBoaWNhbC5zaA==	dHJ1ZQ==	dHJ1ZQ==	dXA=	c3RvcHBlZA==	MA==	R05PTUUgZGVza3RvcCB2aWEgbGlnaHRkbQ==
